response_id,"user_id",conv_id,"answer"
1,"1464071",81,"bot"
2,"1c7d5f7",508,"human"
3,"1c7d5f7",121,"human"
4,"1c7d5f7",470,"bot"
5,"1c7d5f7",128,"bot"
6,"1c7d5f7",277,"human"
7,"1c7d5f7",527,"human"
8,"1c7d5f7",319,"bot"
9,"1c7d5f7",422,"human"
10,"1c7d5f7",707,"human"
11,"1c7d5f7",829,"human"
12,"1c7d5f7",665,"bot"
13,"acbc795",464,"bot"
14,"1c7d5f7",700,"human"
15,"1c7d5f7",528,"bot"
16,"1c7d5f7",6,"human"
17,"1c7d5f7",875,"bot"
18,"1c7d5f7",385,"bot"
19,"1c7d5f7",228,"human"
20,"1c7d5f7",420,"bot"
21,"1c7d5f7",399,"human"
22,"6601c65",931,"bot"
23,"6601c65",205,"bot"
24,"6601c65",282,"bot"
25,"6601c65",987,"bot"
26,"76ed410",892,"bot"
27,"6601c65",264,"bot"
28,"6601c65",752,"bot"
29,"76ed410",653,"bot"
30,"6601c65",499,"human"
31,"6601c65",774,"bot"
32,"6601c65",387,"human"
33,"6601c65",145,"bot"
34,"6601c65",13,"bot"
35,"6601c65",20,"bot"
36,"1c7d5f7",671,"human"
37,"6601c65",232,"human"
38,"6601c65",431,"bot"
39,"1c7d5f7",148,"human"
40,"6601c65",493,"bot"
41,"1c7d5f7",37,"bot"
42,"1c7d5f7",272,"human"
43,"6601c65",373,"human"
44,"1c7d5f7",958,"human"
45,"6601c65",44,"bot"
46,"1c7d5f7",841,"human"
47,"6601c65",761,"bot"
48,"6601c65",244,"bot"
49,"6601c65",569,"human"
50,"6601c65",373,"human"
51,"6601c65",351,"bot"
52,"76ed410",745,"bot"
53,"9211fa5",242,"bot"
54,"76ed410",77,"human"
55,"9211fa5",718,"human"
56,"76ed410",307,"bot"
57,"9211fa5",879,"human"
58,"76ed410",71,"human"
59,"1c7d5f7",992,"human"
60,"9211fa5",177,"human"
61,"1c7d5f7",741,"bot"
62,"76ed410",130,"bot"
63,"9211fa5",833,"bot"
64,"9271db8",335,"human"
65,"76ed410",433,"bot"
66,"9211fa5",546,"bot"
67,"9271db8",985,"bot"
68,"9211fa5",806,"bot"
69,"76ed410",336,"human"
70,"9271db8",204,"bot"
71,"9211fa5",217,"human"
72,"76ed410",835,"human"
73,"9271db8",120,"human"
74,"9211fa5",803,"human"
75,"76ed410",947,"bot"
76,"9271db8",219,"human"
77,"9211fa5",906,"bot"
78,"9271db8",6,"bot"
79,"9211fa5",708,"bot"
80,"9271db8",742,"bot"
81,"9211fa5",621,"bot"
82,"9211fa5",429,"human"
83,"9271db8",331,"human"
84,"9211fa5",63,"human"
85,"9271db8",919,"human"
86,"9271db8",26,"bot"
87,"9211fa5",718,"human"
88,"9271db8",686,"bot"
89,"9271db8",332,"bot"
90,"9271db8",936,"bot"
91,"9271db8",248,"human"
92,"9271db8",539,"human"
93,"a375715",416,"bot"
94,"9271db8",879,"bot"
95,"9271db8",269,"bot"
96,"a375715",39,"human"
97,"9271db8",704,"bot"
98,"a375715",192,"human"
99,"a375715",67,"human"
100,"a375715",871,"bot"
101,"1c7d5f7",171,"bot"
102,"1c7d5f7",720,"human"
103,"1c7d5f7",692,"human"
104,"1c7d5f7",414,"human"
105,"1c7d5f7",193,"bot"
106,"1c7d5f7",699,"human"
107,"1c7d5f7",140,"bot"
108,"1c7d5f7",653,"human"
109,"1c7d5f7",805,"bot"
110,"1c7d5f7",660,"bot"
111,"1c7d5f7",709,"human"
112,"1c7d5f7",453,"human"
113,"1c7d5f7",926,"bot"
114,"1c7d5f7",673,"human"
115,"1c7d5f7",224,"bot"
116,"1c7d5f7",504,"bot"
117,"1c7d5f7",551,"human"
118,"1c7d5f7",434,"bot"
119,"1c7d5f7",31,"human"
120,"1c7d5f7",291,"human"
121,"1c7d5f7",644,"human"
122,"1c7d5f7",762,"human"
123,"1c7d5f7",394,"human"
124,"1c7d5f7",694,"bot"
125,"1c7d5f7",75,"human"
126,"1c7d5f7",270,"human"
127,"1c7d5f7",120,"bot"
128,"1c7d5f7",903,"human"
129,"1c7d5f7",588,"bot"
130,"1c7d5f7",933,"human"
131,"1c7d5f7",689,"human"
132,"1c7d5f7",838,"human"
133,"1c7d5f7",469,"human"
134,"1c7d5f7",285,"bot"
135,"1c7d5f7",767,"human"
136,"1c7d5f7",282,"human"
137,"1c7d5f7",205,"human"
138,"1c7d5f7",253,"human"
139,"1c7d5f7",185,"human"
140,"1c7d5f7",27,"bot"
141,"1c7d5f7",283,"human"
142,"1c7d5f7",509,"bot"
143,"1c7d5f7",426,"bot"
144,"1c7d5f7",17,"human"
145,"1c7d5f7",613,"human"
146,"1c7d5f7",341,"human"
147,"1c7d5f7",81,"human"
148,"1c7d5f7",628,"bot"
149,"1c7d5f7",404,"bot"
150,"1c7d5f7",60,"bot"
151,"1c7d5f7",383,"human"
152,"1c7d5f7",808,"human"
153,"1c7d5f7",696,"bot"
154,"1c7d5f7",586,"bot"
155,"1c7d5f7",740,"bot"
156,"1c7d5f7",989,"human"
157,"1c7d5f7",102,"human"
158,"1c7d5f7",46,"human"
159,"f8797c7",33,"human"
160,"f8797c7",8,"bot"
161,"f8797c7",7,"bot"
162,"f8797c7",19,"bot"
163,"f8797c7",64,"bot"
164,"f8797c7",17,"bot"
165,"f8797c7",31,"bot"
166,"f8797c7",60,"bot"
167,"f8797c7",15,"bot"
168,"f8797c7",45,"human"
169,"f8797c7",78,"bot"
170,"f8797c7",4,"bot"
171,"f8797c7",35,"bot"
172,"f8797c7",20,"human"
173,"f8797c7",79,"bot"
174,"f8797c7",14,"bot"
175,"f8797c7",32,"human"
176,"f8797c7",49,"bot"
177,"f8797c7",63,"human"
178,"f8797c7",8,"bot"
179,"f8797c7",94,"human"
180,"f8797c7",5,"bot"
181,"f8797c7",76,"bot"
182,"f8797c7",100,"human"
183,"f8797c7",16,"bot"
184,"f8797c7",43,"human"
185,"f8797c7",14,"bot"
186,"f8797c7",32,"human"
187,"f8797c7",45,"human"
188,"f8797c7",10,"human"
189,"f8797c7",53,"human"
190,"f8797c7",14,"bot"
191,"f8797c7",11,"human"
192,"f8797c7",98,"bot"
193,"f8797c7",87,"human"
194,"f8797c7",49,"bot"
195,"f8797c7",24,"human"
196,"f8797c7",20,"human"
197,"f8797c7",16,"bot"
198,"f8797c7",76,"human"
199,"f8797c7",38,"human"
200,"f8797c7",66,"human"
201,"f8797c7",88,"human"
202,"f8797c7",35,"bot"
203,"f8797c7",55,"human"
204,"a375715",64,"bot"
205,"a375715",86,"human"
206,"a375715",64,"bot"
207,"a375715",54,"human"
208,"a375715",68,"human"
209,"9211fa5",89,"bot"
210,"a375715",96,"human"
211,"c89408a",59,"human"
212,"9211fa5",63,"human"
213,"c89408a",25,"human"
214,"c89408a",86,"human"
215,"c89408a",59,"bot"
216,"9211fa5",81,"bot"
217,"c89408a",55,"bot"
218,"9211fa5",31,"bot"
219,"9211fa5",12,"human"
220,"9211fa5",14,"human"
221,"9211fa5",59,"bot"
222,"9211fa5",21,"human"
223,"9211fa5",48,"human"
224,"9211fa5",83,"bot"
225,"9211fa5",91,"bot"
226,"9211fa5",65,"human"
227,"9211fa5",16,"human"
228,"9211fa5",25,"bot"
229,"9211fa5",61,"human"
230,"9211fa5",53,"human"
231,"9211fa5",31,"bot"
232,"9211fa5",45,"human"
233,"9211fa5",82,"bot"
234,"9211fa5",66,"human"
235,"9211fa5",48,"human"
236,"9211fa5",44,"human"
237,"9211fa5",36,"bot"
238,"9211fa5",14,"bot"
239,"9211fa5",91,"bot"
240,"9211fa5",4,"bot"
241,"9211fa5",93,"human"
242,"9211fa5",35,"human"
243,"9211fa5",95,"bot"
244,"f8797c7",81,"bot"
245,"f8797c7",5,"bot"
246,"f8797c7",45,"human"
247,"f8797c7",25,"bot"
248,"f8797c7",19,"human"
249,"f8797c7",93,"human"
250,"f8797c7",53,"human"
251,"f8797c7",19,"human"
252,"f8797c7",23,"human"
253,"f8797c7",46,"human"
254,"f8797c7",92,"human"
255,"f8797c7",72,"bot"
256,"f8797c7",62,"human"
257,"f8797c7",72,"bot"
258,"f8797c7",7,"bot"
259,"f8797c7",87,"human"
260,"f8797c7",92,"human"
261,"1c7d5f7",59,"human"
262,"1c7d5f7",52,"human"
263,"1c7d5f7",71,"human"
264,"1c7d5f7",41,"bot"
265,"1c7d5f7",68,"human"
266,"1c7d5f7",75,"bot"
267,"1c7d5f7",70,"bot"
268,"00105da",54,"human"
269,"1c7d5f7",36,"bot"
270,"1c7d5f7",24,"human"
271,"1c7d5f7",69,"human"
272,"1c7d5f7",56,"bot"
273,"00105da",5,"bot"
274,"00105da",24,"bot"
275,"00105da",76,"human"
276,"160479c",36,"bot"
277,"9211fa5",43,"human"
278,"160479c",18,"bot"
279,"9211fa5",32,"human"
280,"9211fa5",65,"human"
281,"9211fa5",51,"human"
282,"f8797c7",42,"human"
283,"f8797c7",36,"bot"
284,"f8797c7",99,"human"
285,"838ab2b",72,"bot"
286,"f8797c7",39,"human"
287,"838ab2b",81,"bot"
288,"f8797c7",30,"bot"
289,"838ab2b",48,"human"
290,"f8797c7",75,"human"
291,"838ab2b",30,"human"
292,"f8797c7",30,"bot"
293,"f8797c7",80,"bot"
294,"838ab2b",42,"human"
295,"838ab2b",10,"bot"
296,"838ab2b",91,"bot"
297,"838ab2b",59,"bot"
298,"838ab2b",51,"bot"
299,"838ab2b",21,"bot"
300,"838ab2b",71,"human"
301,"838ab2b",39,"human"
302,"838ab2b",5,"human"
303,"838ab2b",84,"human"
304,"838ab2b",10,"bot"
305,"838ab2b",45,"human"
306,"838ab2b",50,"bot"
307,"838ab2b",44,"human"
308,"838ab2b",59,"bot"
309,"838ab2b",10,"bot"
310,"838ab2b",10,"bot"
311,"838ab2b",39,"human"
312,"838ab2b",41,"human"
313,"838ab2b",60,"bot"
314,"4fa9137",52,"human"
315,"838ab2b",97,"human"
316,"838ab2b",23,"human"
317,"838ab2b",1,"human"
318,"838ab2b",79,"bot"
319,"4fa9137",13,"human"
320,"838ab2b",56,"human"
321,"4fa9137",75,"human"
322,"838ab2b",48,"human"
323,"4fa9137",71,"human"
324,"4fa9137",41,"bot"
325,"4fa9137",17,"bot"
326,"4fa9137",27,"human"
327,"1464071",2,"human"
328,"00105da",67,"human"
329,"4fa9137",65,"human"
330,"00105da",84,"bot"
331,"1464071",51,"human"
332,"4fa9137",46,"human"
333,"00105da",63,"human"
334,"1464071",72,"bot"
335,"00105da",5,"bot"
336,"00105da",93,"bot"
337,"1464071",75,"human"
338,"4fa9137",90,"bot"
339,"00105da",51,"bot"
340,"4fa9137",79,"bot"
341,"00105da",20,"human"
342,"1464071",35,"bot"
343,"1464071",55,"human"
344,"4fa9137",92,"human"
345,"4fa9137",87,"bot"
346,"4fa9137",48,"human"
347,"4fa9137",84,"human"
348,"4fa9137",3,"human"
349,"4fa9137",26,"human"
350,"4fa9137",64,"human"
351,"4fa9137",26,"bot"
352,"4fa9137",33,"bot"
353,"486c899",56,"bot"
354,"486c899",65,"human"
355,"4fa9137",1,"bot"
356,"486c899",99,"human"
357,"486c899",23,"human"
358,"486c899",100,"human"
359,"486c899",47,"human"
360,"486c899",90,"bot"
361,"486c899",69,"bot"
362,"c72db7e",15,"bot"
363,"c72db7e",25,"human"
364,"c72db7e",27,"bot"
365,"486c899",11,"human"
366,"486c899",39,"human"
367,"c72db7e",13,"bot"
368,"486c899",92,"human"
369,"c72db7e",24,"human"
370,"486c899",68,"human"
371,"486c899",12,"bot"
372,"486c899",7,"bot"
373,"486c899",19,"human"
374,"c72db7e",11,"human"
375,"c72db7e",17,"human"
376,"486c899",95,"human"
377,"486c899",56,"bot"
378,"486c899",70,"bot"
379,"c72db7e",5,"human"
380,"c72db7e",13,"bot"
381,"92241eb",86,"bot"
382,"92241eb",62,"human"
383,"486c899",91,"bot"
384,"c72db7e",82,"human"
385,"486c899",54,"human"
386,"92241eb",46,"human"
387,"c72db7e",54,"human"
388,"c3ba424",61,"human"
389,"92241eb",17,"bot"
390,"486c899",10,"human"
391,"c72db7e",44,"human"
392,"486c899",86,"human"
393,"92241eb",14,"bot"
394,"c72db7e",77,"human"
395,"486c899",93,"human"
396,"92241eb",61,"human"
397,"92241eb",74,"bot"
398,"486c899",3,"bot"
399,"486c899",11,"human"
400,"92241eb",29,"bot"
401,"486c899",31,"bot"
402,"92241eb",87,"bot"
403,"486c899",58,"human"
404,"486c899",88,"bot"
405,"c3ba424",20,"bot"
406,"486c899",92,"human"
407,"92241eb",25,"bot"
408,"486c899",49,"human"
409,"c3ba424",25,"bot"
410,"92241eb",65,"bot"
411,"486c899",48,"bot"
412,"92241eb",23,"bot"
413,"486c899",48,"bot"
414,"c3ba424",41,"bot"
415,"486c899",9,"bot"
416,"92241eb",3,"human"
417,"92241eb",84,"human"
418,"c3ba424",31,"human"
419,"92241eb",20,"bot"
420,"c3ba424",23,"human"
421,"92241eb",39,"human"
422,"92241eb",93,"human"
423,"c3ba424",73,"bot"
424,"c3ba424",98,"bot"
425,"c3ba424",78,"human"
426,"c3ba424",96,"bot"
427,"c3ba424",80,"bot"
428,"c3ba424",39,"human"
429,"c3ba424",61,"human"
430,"c72db7e",39,"human"
431,"c3ba424",41,"bot"
432,"c3ba424",41,"bot"
433,"c72db7e",40,"human"
434,"c3ba424",72,"human"
435,"c72db7e",78,"human"
436,"c3ba424",98,"bot"
437,"c72db7e",85,"human"
438,"c3ba424",24,"human"
439,"c72db7e",63,"human"
440,"160479c",80,"bot"
441,"160479c",82,"human"
442,"c3ba424",5,"bot"
443,"c72db7e",86,"human"
444,"160479c",34,"bot"
445,"c3ba424",86,"bot"
446,"160479c",33,"human"
447,"160479c",36,"bot"
448,"f8797c7",30,"bot"
449,"f8797c7",94,"human"
450,"f8797c7",70,"bot"
451,"9211fa5",13,"bot"
452,"9211fa5",22,"bot"
453,"9211fa5",3,"human"
454,"f8797c7",41,"bot"
455,"f8797c7",16,"bot"
456,"f8797c7",36,"bot"
457,"f8797c7",22,"bot"
458,"f8797c7",71,"human"
459,"f8797c7",13,"human"
460,"f8797c7",71,"human"
461,"f8797c7",66,"human"
462,"f8797c7",86,"bot"
463,"f8797c7",13,"human"
464,"f8797c7",56,"bot"
465,"f8797c7",38,"bot"
466,"f8797c7",71,"human"
467,"f8797c7",61,"human"
468,"f8797c7",7,"bot"
469,"f8797c7",56,"bot"
470,"f8797c7",31,"bot"
471,"f8797c7",71,"human"
472,"f8797c7",29,"human"
473,"f8797c7",81,"bot"
474,"f8797c7",72,"bot"
475,"f8797c7",95,"bot"
476,"f8797c7",32,"human"
477,"f8797c7",24,"human"
478,"f8797c7",89,"bot"
479,"f8797c7",21,"bot"
480,"f8797c7",70,"bot"
481,"f8797c7",22,"human"
482,"f8797c7",45,"human"
483,"f8797c7",37,"bot"
484,"1464071",4,"bot"
485,"1464071",86,"human"
486,"1464071",97,"human"
487,"1464071",22,"human"
488,"1464071",27,"bot"
489,"1464071",62,"human"
490,"1464071",66,"bot"
491,"1464071",91,"bot"
492,"1464071",3,"human"
493,"1464071",67,"bot"
494,"1464071",19,"human"
495,"1464071",82,"human"
496,"1464071",12,"human"
497,"1464071",93,"bot"
498,"1464071",29,"bot"
499,"1464071",89,"bot"
500,"5d5c1d9",65,"bot"
501,"5d5c1d9",31,"human"
502,"5d5c1d9",17,"bot"
503,"5d5c1d9",57,"human"
504,"5d5c1d9",98,"bot"
505,"5d5c1d9",14,"bot"
506,"5d5c1d9",97,"human"
507,"160479c",51,"bot"
508,"160479c",84,"human"
509,"160479c",32,"human"
510,"160479c",66,"bot"
511,"160479c",20,"human"
512,"160479c",42,"human"
513,"160479c",63,"human"
514,"160479c",58,"human"
515,"39f0489",31,"human"
516,"acbc795",82,"human"
517,"acbc795",49,"bot"
518,"acbc795",71,"human"
519,"acbc795",79,"human"
520,"acbc795",69,"human"
521,"acbc795",4,"bot"
522,"acbc795",46,"human"
523,"acbc795",32,"human"
524,"acbc795",59,"bot"
525,"acbc795",31,"bot"
526,"acbc795",62,"human"
527,"acbc795",60,"bot"
528,"991bde7",26,"human"
529,"acbc795",39,"human"
530,"acbc795",76,"human"
531,"991bde7",36,"bot"
532,"acbc795",56,"human"
533,"acbc795",1,"bot"
534,"acbc795",47,"bot"
535,"991bde7",10,"human"
536,"acbc795",53,"bot"
537,"991bde7",17,"bot"
538,"acbc795",97,"bot"
539,"991bde7",89,"bot"
540,"acbc795",96,"human"
541,"991bde7",93,"human"
542,"acbc795",35,"human"
543,"991bde7",4,"bot"
544,"acbc795",34,"bot"
545,"991bde7",1,"bot"
546,"991bde7",53,"bot"
547,"991bde7",16,"bot"
548,"f232104",21,"bot"
549,"f232104",80,"bot"
550,"f232104",92,"human"
551,"1464071",24,"bot"
552,"1464071",18,"bot"
553,"1464071",77,"human"
554,"1464071",70,"bot"
555,"1464071",17,"bot"
556,"1464071",34,"bot"
557,"1464071",39,"bot"
558,"c996a98",17,"bot"
559,"c996a98",35,"bot"
560,"c996a98",98,"bot"
561,"c996a98",87,"human"
562,"dfb1c07",98,"bot"
563,"dfb1c07",18,"bot"
564,"dfb1c07",25,"bot"
565,"dfb1c07",58,"human"
566,"dfb1c07",61,"human"
567,"dfb1c07",68,"bot"
568,"1c7d5f7",48,"bot"
569,"1c7d5f7",84,"human"
570,"1c7d5f7",73,"bot"
571,"1c7d5f7",74,"human"
572,"1c7d5f7",29,"bot"
573,"1c7d5f7",23,"human"
574,"f52f8c6",3,"human"
575,"dfb1c07",10,"human"
576,"f52f8c6",47,"bot"
577,"1c7d5f7",86,"bot"
578,"dfb1c07",32,"human"
579,"f52f8c6",34,"human"
580,"dfb1c07",30,"bot"
581,"f52f8c6",18,"bot"
582,"f52f8c6",88,"bot"
583,"f52f8c6",53,"bot"
584,"f52f8c6",69,"bot"
585,"f52f8c6",14,"bot"
586,"f52f8c6",12,"human"
587,"f52f8c6",70,"bot"
588,"f52f8c6",10,"human"
589,"f52f8c6",91,"bot"
590,"f52f8c6",80,"bot"
591,"dfb1c07",86,"bot"
592,"f52f8c6",84,"human"
593,"f52f8c6",85,"bot"
594,"f52f8c6",4,"bot"
595,"dfb1c07",53,"human"
596,"f52f8c6",32,"human"
597,"dfb1c07",99,"human"
598,"f52f8c6",54,"human"
599,"dfb1c07",19,"human"
600,"dfb1c07",81,"bot"
601,"dfb1c07",80,"bot"
602,"dfb1c07",4,"bot"
603,"dfb1c07",50,"human"
604,"dfb1c07",55,"human"
605,"dfb1c07",16,"bot"
606,"dfb1c07",24,"human"
607,"dfb1c07",93,"bot"
608,"dfb1c07",42,"human"
609,"dfb1c07",90,"human"
610,"dfb1c07",72,"bot"
611,"dfb1c07",8,"bot"
612,"dfb1c07",73,"human"
613,"dfb1c07",92,"human"
614,"dfb1c07",37,"human"
615,"dfb1c07",76,"bot"
616,"dfb1c07",74,"human"
617,"dfb1c07",26,"bot"
618,"dfb1c07",54,"human"
619,"dfb1c07",23,"bot"
620,"dfb1c07",29,"human"
621,"dfb1c07",56,"human"
622,"4ee4e67",10,"bot"
623,"4ee4e67",23,"bot"
624,"4ee4e67",57,"human"
625,"4ee4e67",84,"bot"
626,"4ee4e67",68,"bot"
627,"4ee4e67",79,"bot"
628,"4ee4e67",38,"bot"
629,"4ee4e67",62,"human"
630,"4ee4e67",75,"bot"
631,"4ee4e67",24,"human"
632,"4ee4e67",59,"bot"
633,"1464071",37,"bot"
634,"1464071",7,"bot"
635,"1464071",56,"bot"
636,"1464071",1,"human"
637,"1464071",80,"bot"
638,"1464071",63,"bot"
639,"1464071",42,"bot"
640,"1464071",49,"bot"
641,"1464071",28,"bot"
642,"1464071",38,"human"
643,"1464071",32,"human"
644,"1464071",52,"bot"
645,"63b12ad",94,"human"
646,"63b12ad",100,"human"
647,"1464071",96,"human"
648,"1464071",16,"bot"
649,"1464071",48,"bot"
650,"63b12ad",60,"bot"
651,"1464071",95,"human"
652,"1464071",84,"human"
653,"1464071",71,"human"
654,"63b12ad",29,"human"
655,"1464071",20,"bot"
656,"1464071",43,"human"
657,"63b12ad",9,"bot"
658,"1464071",76,"bot"
659,"1464071",13,"bot"
660,"1464071",57,"human"
661,"1464071",85,"bot"
662,"1464071",11,"bot"
663,"1464071",54,"human"
664,"f7a3a74",80,"bot"
665,"63b12ad",16,"bot"
666,"f7a3a74",62,"human"
667,"f7a3a74",26,"bot"
668,"f7a3a74",64,"bot"
669,"f7a3a74",53,"human"
670,"f7a3a74",99,"human"
671,"f7a3a74",87,"human"
672,"f7a3a74",21,"bot"
673,"f7a3a74",13,"bot"
674,"f7a3a74",96,"human"
675,"f7a3a74",77,"human"
676,"f7a3a74",51,"human"
677,"f7a3a74",34,"bot"
678,"f7a3a74",49,"bot"
679,"63b12ad",67,"bot"
680,"63b12ad",30,"human"
681,"1464071",88,"bot"
682,"1464071",69,"human"
683,"1464071",58,"human"
684,"1464071",36,"human"
685,"63b12ad",4,"bot"
686,"1464071",98,"bot"
687,"1464071",94,"bot"
688,"1464071",14,"bot"
689,"63b12ad",95,"human"
690,"1464071",53,"human"
691,"1464071",50,"human"
692,"1464071",41,"bot"
693,"1464071",26,"bot"
694,"1464071",74,"bot"
695,"1464071",23,"human"
696,"1464071",87,"human"
697,"1464071",100,"bot"
698,"1464071",33,"human"
699,"1464071",68,"bot"
700,"63b12ad",96,"human"
701,"9e6f7cc",47,"bot"
702,"9e6f7cc",59,"bot"
703,"9e6f7cc",44,"human"
704,"9e6f7cc",96,"human"
705,"9e6f7cc",1,"human"
706,"9e6f7cc",2,"bot"
707,"63b12ad",23,"human"
708,"9e6f7cc",65,"human"
709,"9e6f7cc",23,"bot"
710,"63b12ad",10,"bot"
711,"9e6f7cc",75,"human"
712,"9e6f7cc",87,"human"
713,"63b12ad",47,"human"
714,"9e6f7cc",77,"human"
715,"9e6f7cc",13,"bot"
716,"0b81667",26,"bot"
717,"63b12ad",11,"human"
718,"9e6f7cc",12,"bot"
719,"0b81667",7,"bot"
720,"0b81667",37,"bot"
721,"63b12ad",12,"bot"
722,"0b81667",16,"human"
723,"0b81667",80,"bot"
724,"0b81667",14,"bot"
725,"0b81667",47,"human"
726,"0b81667",78,"human"
727,"0b81667",60,"bot"
728,"0b81667",31,"bot"
729,"0b81667",56,"human"
730,"0b81667",62,"human"
731,"0b81667",53,"human"
732,"0b81667",70,"bot"
733,"0b81667",22,"human"
734,"0b81667",83,"human"
735,"0b81667",92,"human"
736,"0b81667",99,"human"
737,"0b81667",17,"human"
738,"0b81667",96,"bot"
739,"0b81667",35,"bot"
740,"0b81667",48,"human"
741,"1c7d5f7",9,"bot"
742,"1c7d5f7",97,"human"
743,"1c7d5f7",62,"bot"
744,"1c7d5f7",2,"human"
745,"1c7d5f7",44,"human"
746,"1c7d5f7",42,"human"
747,"1c7d5f7",43,"bot"
748,"1c7d5f7",85,"bot"
749,"1c7d5f7",80,"bot"
750,"1c7d5f7",61,"human"
751,"1c7d5f7",19,"human"
752,"1c7d5f7",55,"human"
753,"1c7d5f7",11,"human"
754,"1c7d5f7",87,"human"
755,"1c7d5f7",95,"bot"
756,"1c7d5f7",65,"bot"
757,"1c7d5f7",66,"human"
758,"1c7d5f7",3,"bot"
759,"6a508d2",96,"bot"
760,"1c7d5f7",40,"human"
761,"1c7d5f7",30,"bot"
762,"1c7d5f7",20,"human"
763,"1c7d5f7",76,"human"
764,"1c7d5f7",82,"human"
765,"6a508d2",20,"bot"
766,"1c7d5f7",91,"human"
767,"1c7d5f7",77,"human"
768,"6a508d2",67,"bot"
769,"1c7d5f7",21,"bot"
770,"1c7d5f7",64,"bot"
771,"6a508d2",36,"bot"
772,"1c7d5f7",72,"bot"
773,"1c7d5f7",51,"human"
774,"1c7d5f7",92,"human"
775,"1c7d5f7",98,"bot"
776,"1c7d5f7",4,"bot"
777,"1c7d5f7",67,"bot"
778,"1c7d5f7",90,"human"
779,"1c7d5f7",26,"bot"
780,"1c7d5f7",7,"bot"
781,"1c7d5f7",35,"human"
782,"1c7d5f7",57,"human"
783,"1c7d5f7",99,"human"
784,"6a508d2",71,"human"
785,"6a508d2",8,"bot"
786,"6a508d2",94,"human"
787,"6a508d2",37,"bot"
788,"6a508d2",85,"bot"
789,"6a508d2",23,"human"
790,"6a508d2",61,"human"
791,"6a508d2",75,"human"
792,"6a508d2",38,"human"
793,"6a508d2",34,"bot"
794,"6a508d2",80,"bot"
795,"6a508d2",44,"human"
796,"6a508d2",87,"bot"
797,"6a508d2",82,"human"
798,"6a508d2",16,"human"
799,"6a508d2",33,"human"
800,"6a508d2",74,"bot"
801,"6a508d2",50,"human"
802,"6a508d2",2,"human"
803,"6a508d2",32,"human"
804,"6a508d2",68,"human"
805,"6a508d2",70,"bot"
806,"6a508d2",4,"bot"
807,"6a508d2",55,"bot"
808,"6a508d2",57,"human"
809,"6a508d2",42,"human"
810,"6a508d2",100,"bot"
811,"6a508d2",86,"human"
812,"6a508d2",63,"human"
813,"6a508d2",98,"bot"
814,"6a508d2",64,"bot"
815,"6a508d2",81,"bot"
816,"6a508d2",89,"bot"
817,"6a508d2",69,"bot"
818,"4999f02",40,"bot"
819,"4999f02",90,"bot"
820,"4999f02",17,"bot"
821,"4999f02",70,"bot"
822,"4999f02",77,"human"
823,"4999f02",64,"bot"
824,"4999f02",78,"human"
825,"4999f02",76,"human"
826,"4999f02",89,"bot"
827,"4999f02",73,"human"
828,"acbc795",18,"bot"
829,"acbc795",73,"bot"
830,"acbc795",15,"human"
831,"acbc795",9,"human"
832,"acbc795",37,"human"
833,"acbc795",51,"human"
834,"acbc795",3,"bot"
835,"acbc795",84,"human"
836,"acbc795",48,"human"
837,"acbc795",67,"bot"
838,"acbc795",83,"human"
839,"acbc795",22,"human"
840,"acbc795",10,"human"
841,"41a8093",14,"bot"
842,"41a8093",56,"bot"
843,"41a8093",33,"human"
844,"41a8093",20,"bot"
845,"41a8093",17,"bot"
846,"41a8093",52,"bot"
847,"41a8093",71,"bot"
848,"41a8093",84,"human"
849,"41a8093",42,"human"
850,"41a8093",31,"bot"
851,"41a8093",92,"bot"
852,"c9e1f65",80,"bot"
853,"c9e1f65",74,"human"
854,"45f4de3",93,"human"
855,"45f4de3",90,"human"
856,"45f4de3",49,"human"
857,"2682cfb",78,"human"
858,"2682cfb",70,"bot"
859,"45f4de3",34,"human"
860,"45f4de3",14,"bot"
861,"45f4de3",78,"human"
862,"45f4de3",89,"bot"
863,"2682cfb",79,"bot"
864,"4ee4e67",71,"bot"
865,"4ee4e67",46,"human"
866,"4ee4e67",52,"bot"
867,"45f4de3",69,"bot"
868,"2682cfb",30,"human"
869,"45f4de3",64,"bot"
870,"4ee4e67",11,"bot"
871,"45f4de3",56,"human"
872,"4ee4e67",8,"human"
873,"2682cfb",5,"bot"
874,"2682cfb",34,"bot"
875,"4ee4e67",9,"human"
876,"2682cfb",26,"bot"
877,"4ee4e67",27,"bot"
878,"2682cfb",88,"bot"
879,"4ee4e67",45,"human"
880,"2682cfb",7,"bot"
881,"2682cfb",90,"human"
882,"2682cfb",74,"human"
883,"2682cfb",73,"bot"
884,"2682cfb",68,"bot"
885,"2682cfb",63,"human"
886,"4ee4e67",49,"human"
887,"4ee4e67",64,"human"
888,"20da5cb",93,"bot"
889,"4ee4e67",1,"human"
890,"4ee4e67",12,"bot"
891,"20da5cb",83,"bot"
892,"20da5cb",38,"human"
893,"20da5cb",46,"human"
894,"20da5cb",88,"bot"
895,"20da5cb",37,"bot"
896,"20da5cb",23,"human"
897,"20da5cb",57,"human"
898,"20da5cb",95,"bot"
899,"4ee4e67",33,"human"
900,"4ee4e67",41,"human"
901,"4ee4e67",98,"bot"
902,"4ee4e67",66,"human"
903,"20da5cb",54,"human"
904,"20da5cb",45,"bot"
905,"20da5cb",77,"human"
906,"2682cfb",57,"human"
907,"9211fa5",34,"human"
908,"9211fa5",47,"human"
909,"9211fa5",5,"bot"
910,"9211fa5",20,"human"
911,"9211fa5",39,"human"
912,"9211fa5",23,"bot"
913,"9211fa5",41,"bot"
914,"9211fa5",86,"human"
915,"9211fa5",8,"bot"
916,"9211fa5",2,"human"
917,"9211fa5",90,"human"
918,"9211fa5",72,"bot"
919,"acbc795",19,"bot"
920,"acbc795",100,"bot"
921,"acbc795",2,"bot"
922,"acbc795",42,"human"
923,"acbc795",89,"human"
924,"acbc795",77,"bot"
925,"acbc795",90,"human"
926,"acbc795",63,"human"
927,"acbc795",13,"bot"
928,"acbc795",87,"human"
929,"acbc795",70,"human"
930,"acbc795",25,"human"
931,"acbc795",93,"human"
932,"acbc795",61,"human"
933,"acbc795",26,"bot"
934,"acbc795",7,"human"
935,"acbc795",6,"human"
936,"acbc795",88,"bot"
937,"acbc795",17,"bot"
938,"9211fa5",18,"bot"
939,"9211fa5",84,"bot"
940,"9211fa5",49,"bot"
941,"9211fa5",64,"bot"
942,"acbc795",41,"bot"
943,"9211fa5",96,"human"
944,"9211fa5",11,"bot"
945,"acbc795",52,"bot"
946,"9211fa5",77,"human"
947,"acbc795",72,"bot"
948,"9211fa5",15,"bot"
949,"9211fa5",19,"human"
950,"acbc795",21,"human"
951,"9211fa5",80,"bot"
952,"acbc795",16,"human"
953,"acbc795",11,"bot"
954,"acbc795",74,"human"
955,"9211fa5",67,"bot"
956,"acbc795",65,"bot"
957,"acbc795",43,"bot"
958,"acbc795",36,"human"
959,"acbc795",68,"human"
960,"9211fa5",28,"human"
961,"9211fa5",1,"human"
962,"9211fa5",74,"bot"
963,"4999f02",14,"bot"
964,"103219f",34,"bot"
965,"103219f",60,"bot"
966,"160479c",31,"bot"
967,"1dccb8c",83,"human"
968,"1dccb8c",24,"bot"
969,"1dccb8c",100,"human"
970,"1dccb8c",46,"human"
971,"1dccb8c",6,"human"
972,"1dccb8c",30,"bot"
973,"1dccb8c",96,"bot"
974,"1dccb8c",10,"human"
975,"1dccb8c",33,"human"
976,"1dccb8c",14,"human"
977,"1dccb8c",88,"human"
978,"1dccb8c",52,"bot"
979,"1dccb8c",53,"human"
980,"1dccb8c",89,"bot"
981,"1dccb8c",92,"human"
982,"4cfdea2",36,"bot"
983,"4cfdea2",12,"bot"
984,"4cfdea2",10,"human"
985,"4cfdea2",30,"bot"
986,"4cfdea2",70,"bot"
987,"4cfdea2",95,"bot"
988,"4cfdea2",32,"human"
989,"4cfdea2",39,"bot"
990,"4cfdea2",8,"bot"
991,"4cfdea2",7,"bot"
992,"4cfdea2",14,"bot"
993,"4cfdea2",25,"human"
994,"4cfdea2",76,"human"
995,"4cfdea2",49,"bot"
996,"4cfdea2",94,"human"
997,"4cfdea2",97,"human"
998,"4cfdea2",93,"human"
999,"4cfdea2",35,"bot"
1000,"4cfdea2",67,"human"
1001,"4cfdea2",79,"bot"
1002,"4cfdea2",37,"bot"
1003,"4cfdea2",62,"human"
1004,"4cfdea2",81,"bot"
1005,"4cfdea2",73,"bot"
1006,"4cfdea2",90,"human"
1007,"4cfdea2",15,"human"
1008,"4cfdea2",68,"human"
1009,"4cfdea2",74,"human"
1010,"4cfdea2",69,"bot"
1011,"da6d0ca",6,"human"
1012,"da6d0ca",29,"human"
1013,"da6d0ca",21,"bot"
1014,"da6d0ca",77,"bot"
1015,"da6d0ca",3,"human"
1016,"da6d0ca",70,"human"
1017,"da6d0ca",100,"human"
1018,"da6d0ca",1,"bot"
1019,"da6d0ca",35,"bot"
1020,"da6d0ca",91,"bot"
1021,"da6d0ca",13,"human"
1022,"da6d0ca",2,"human"
1023,"da6d0ca",66,"bot"
1024,"da6d0ca",44,"human"
1025,"da6d0ca",7,"bot"
1026,"da6d0ca",50,"human"
1027,"da6d0ca",28,"human"
1028,"da6d0ca",82,"human"
1029,"da6d0ca",79,"bot"
1030,"da6d0ca",47,"human"
1031,"da6d0ca",18,"bot"
1032,"8059991",11,"bot"
1033,"8059991",5,"human"
1034,"8059991",40,"human"
1035,"8059991",7,"human"
1036,"8059991",27,"bot"
1037,"8059991",6,"human"
1038,"8059991",68,"bot"
1039,"8059991",30,"human"
1040,"8059991",14,"bot"
1041,"8059991",54,"human"
1042,"8059991",50,"bot"
1043,"9211fa5",100,"bot"
1044,"acbc795",11,"bot"
1045,"acbc795",95,"human"
1046,"acbc795",55,"bot"
1047,"acbc795",33,"human"
1048,"acbc795",64,"human"
1049,"acbc795",78,"bot"
1050,"1464071",99,"bot"
1051,"76ed410",19,"bot"
1052,"76ed410",49,"bot"
1053,"76ed410",18,"bot"
1054,"76ed410",12,"human"
1055,"76ed410",78,"human"
1056,"76ed410",60,"bot"
1057,"76ed410",82,"bot"
1058,"76ed410",76,"bot"
1059,"76ed410",21,"human"
1060,"acbc795",13,"bot"
1061,"4e316ed",37,"bot"
1062,"acbc795",91,"human"
1063,"4e316ed",79,"bot"
1064,"acbc795",8,"bot"
1065,"acbc795",58,"human"
1066,"acbc795",44,"bot"
1067,"acbc795",66,"human"
1068,"4e316ed",90,"human"
1069,"acbc795",30,"bot"
1070,"acbc795",23,"bot"
1071,"acbc795",98,"human"
1072,"4e316ed",92,"human"
1073,"4e316ed",22,"human"
1074,"4e316ed",66,"bot"
1075,"acbc795",57,"bot"
1076,"acbc795",50,"human"
1077,"acbc795",5,"bot"
1078,"acbc795",94,"human"
1079,"4e316ed",9,"human"
1080,"4e316ed",50,"human"
1081,"acbc795",85,"human"
1082,"4e316ed",43,"bot"
1083,"acbc795",99,"bot"
1084,"4e316ed",68,"bot"
1085,"4e316ed",93,"human"
1086,"4e316ed",39,"bot"
1087,"4e316ed",99,"human"
1088,"4ee4e67",72,"bot"
1089,"4ee4e67",25,"human"
1090,"4ee4e67",97,"human"
1091,"4ee4e67",97,"human"
1092,"4ee4e67",17,"human"
1093,"4ee4e67",53,"human"
1094,"4ee4e67",58,"human"
1095,"4ee4e67",54,"human"
1096,"4ee4e67",36,"human"
1097,"4ee4e67",13,"human"
1098,"4ee4e67",26,"human"
1099,"4ee4e67",90,"human"
1100,"4ee4e67",88,"human"
1101,"4ee4e67",67,"bot"
1102,"4ee4e67",74,"bot"
1103,"c3ba424",49,"bot"
1104,"c3ba424",67,"bot"
1105,"1464071",65,"bot"
1106,"1464071",5,"bot"
1107,"c3ba424",87,"human"
1108,"1464071",46,"bot"
1109,"1464071",78,"bot"
1110,"1464071",79,"bot"
1111,"1464071",59,"bot"
1112,"1464071",6,"human"
1113,"1464071",47,"bot"
1114,"1464071",21,"human"
1115,"1464071",9,"bot"
1116,"1464071",15,"bot"
1117,"1464071",61,"human"
1118,"1464071",8,"bot"
1119,"1464071",45,"bot"
1120,"1464071",90,"human"
1121,"1464071",10,"human"
1122,"1464071",40,"bot"
1123,"1464071",25,"human"
1124,"1464071",73,"bot"
1125,"1464071",64,"human"
1126,"1464071",92,"bot"
1127,"1464071",44,"human"
1128,"1464071",60,"human"
1129,"1464071",83,"human"
1130,"1464071",31,"bot"
1131,"1464071",30,"bot"
1132,"afee6ed",68,"bot"
1133,"afee6ed",20,"human"
1134,"afee6ed",42,"human"
1135,"afee6ed",3,"human"
1136,"afee6ed",22,"bot"
1137,"afee6ed",35,"bot"
1138,"b9f18c6",144,"human"
1139,"b9f18c6",37,"bot"
1140,"b9f18c6",108,"bot"
1141,"b9f18c6",10,"human"
